Country,Area(sq km),Birth rate(births/1000 population),Death rate(deaths/1000 population),Electricity - consumption(kWh),Electricity - production(kWh),Exports,HIV/AIDS - adult prevalence rate(%),HIV/AIDS - deaths,HIV/AIDS - people living with HIV/AIDS,Industrial production growth rate(%),Infant mortality rate(deaths/1000 live births),Inflation rate (consumer prices)(%),Labor force,Life expectancy at birth(years),Military expenditures - dollar figure,Military expenditures - percent of GDP(%),Natural gas - consumption(cu m),Natural gas - exports(cu m),Natural gas - imports(cu m),Natural gas - production(cu m),Natural gas - proved reserves(cu m),Oil - consumption(bbl/day),Oil - exports(bbl/day),Oil - imports(bbl/day),Oil - production(bbl/day),Oil - proved reserves(bbl),Population,Public debt(% of GDP),Railways(km),Reserves of foreign exchange & gold,Telephones - main lines in use,Telephones - mobile cellular,Total fertility rate(children born/woman),Unemployment rate(%)
Afghanistan,647500,47.02,20.75,652200000,540000000,446000000,0.01,0,0,0,163.07,10.3,11800000,42.9,188400000,2.6,220000000,0,0,220000000,49980000000,3500,0,0,0,0,29928987,0,0,0,33100,15000,6.75,0
Akrotiri,123,0,0,0,0,0,0,0,0,0,0,0,0,0,0,0,0,0,0,0,0,0,0,0,0,0,0,0,0,0,0,0,0,0
Albania,28748,15.08,5.12,6760000000,5680000000,552400000,0,0,0,3.1,21.52,3.2,1090000,77.24,56500000,1.49,30000000,0,0,30000000,3316000000,7500,0,5500,2000,185500000,3563112,0,447,1206000000,255000,1100000,2.04,14.8
Algeria,2381740,17.13,4.6,23610000000,25760000000,32160000000,0.1,500,9100,6,31,3.1,9910000,73,2480000000,3.2,22320000000,57980000000,0,80300000000,4.739E+12,209000,0,0,1200000,11870000000,32531853,37.4,3973,43550000000,2199600,1447310,1.92,25.4
American Samoa,199,23.13,3.33,120900000,130000000,30000000,0,0,0,0,9.27,0,14000,75.84,0,0,0,0,0,0,0,3800,0,0,0,0,57881,0,0,0,15000,2377,3.25,6
Andorra,468,9,6.07,0,0,58000000,0,0,0,0,4.05,4.3,33000,83.51,0,0,0,0,0,0,0,0,0,0,0,0,70549,0,0,0,35000,23500,1.29,0
Angola,1246700,44.64,25.9,1587000000,1707000000,12760000000,3.9,21000,240000,1,191.19,43.8,5410000,36.61,183580000,10.6,530000000,0,0,530000000,79570000000,31000,0,0,980000,22880000000,11190786,0,2761,800000000,96300,130000,6.27,0
Anguilla,102,14.26,5.43,42600000,0,2600000,0,0,0,3.1,21.03,2.3,6049,77.11,0,0,0,0,0,0,0,0,0,0,0,0,13254,0,0,0,6200,1800,1.73,8
Antarctica,14000000,0,0,0,0,0,0,0,0,0,0,0,0,0,0,0,0,0,0,0,0,0,0,0,0,0,0,0,0,0,0,0,0,0
Antigua and Barbuda,443,17.26,5.44,103000000,110800000,689000000,0,0,0,6,19.46,0.4,30000,71.9,0,0,0,0,0,0,0,3600,0,0,0,0,68722,0,0,0,38000,38200,2.26,11
Argentina,2766890,16.9,7.56,81650000000,81390000000,33780000000,0.7,1500,130000,12,15.18,6.1,15040000,75.91,4300000000,1.3,31100000000,6050000000,0,37150000000,7.68E+11,486000,0,0,755000,2900000000,39537943,118,34091,19470000000,8009400,6500000,2.19,14.8
Armenia,29800,11.76,8.16,5797000000,6492000000,850000000,0.1,200,2600,15,23.28,3.5,1400000,71.55,135000000,6.5,1400000000,0,1400000000,0,0,5700,0,0,0,0,2982904,0,845,555000000,562600,114400,1.32,30
Aruba,193,11.26,6.57,751200000,807700000,128000000,0,0,0,0,5.89,3.2,41500,79.14,0,0,0,0,0,0,0,6500,0,0,0,0,71566,0,0,0,37100,53000,1.79,0.6
Ashmore and Cartier Islands,5,0,0,0,0,0,0,0,0,0,0,0,0,0,0,0,0,0,0,0,0,0,0,0,0,0,0,0,0,0,0,0,0,0
Australia,7686850,12.26,7.44,1.956E+11,2.103E+11,86890000000,0.1,0,14000,1.9,4.69,2.3,10350000,80.39,1665000000,2.7,23330000000,9744000000,0,33080000000,2.407E+12,796500,523400,530800,537500,3664000000,20090437,17.4,43802,35140000000,10815000,14347000,1.76,5.1
Austria,83870,8.81,9.7,55090000000,58490000000,1.027E+11,0.3,100,10000,3.3,4.66,1.8,3450000,78.92,1497000000,0.9,7810000000,403000000,6033000000,1731000000,24900000000,262400,35470,262000,20670,85690000,8184691,64.2,6021,12730000000,3881000,7094500,1.36,4.4
Azerbaijan,86600,20.4,9.86,17370000000,17550000000,3168000000,0.1,100,1400,4,81.74,4.6,5090000,63.35,121000000,2.6,6720000000,0,1000000000,5720000000,62300000000,140000,0,0,312800,589000000,7911974,18.9,2957,875000000,923800,870000,2.44,1.2
Bahamas The,13940,17.87,8.97,1596000000,1716000000,636000000,3,200,5600,0,25.21,1.2,156000,65.54,0,0,0,0,0,0,0,23000,29000,0,0,0,301790,0,0,0,131700,121800,2.2,10.2
Bahrain,665,18.1,4.08,6379000000,6860000000,8205000000,0.2,200,600,2,17.27,2.1,370000,74.23,628900000,6.3,32700000000,0,0,32700000000,46000000000,40000,0,0,44000,126000000,688345,63.8,0,2141000000,185800,443100,2.63,15
Baker Island,1,0,0,0,0,0,0,0,0,0,0,0,0,0,0,0,0,0,0,0,0,0,0,0,0,0,0,0,0,0,0,0,0,0
Bangladesh,144000,30.01,8.4,15300000000,16450000000,7478000000,0.1,650,13000,6.5,62.6,6,65490000,62.08,995300000,1.8,9900000000,0,0,9900000000,1.503E+11,71000,0,0,3581,28450000,144319628,43,2706,3000000000,740000,1365000,3.13,40
Barbados,431,12.83,9.17,744000000,800000000,206000000,1.5,200,2500,-3.2,12.5,-0.5,128500,71.41,0,0,29170000,0,0,29170000,70790000,10900,0,0,1271,1254000,279254,0,0,0,134000,140000,1.65,10.7
Bassas da India,0,0,0,0,0,0,0,0,0,0,0,0,0,0,0,0,0,0,0,0,0,0,0,0,0,0,0,0,0,0,0,0,0,0
Belarus,207600,10.83,14.15,34300000000,30000000000,11470000000,0.3,1000,15000,4,13.37,17.4,4305000,68.72,176100000,1.4,18800000000,0,18500000000,250000000,0,285000,14500,360000,36000,0,10300483,0,5523,770200000,3071300,1118000,1.39,2
Belgium,30528,10.48,10.22,78820000000,76580000000,2.557E+11,0.2,100,10000,3.5,4.68,1.9,4750000,78.62,3999000000,1.3,15500000000,0,15400000000,0,0,595100,450000,1042000,0,0,10364388,96.2,3518,14450000000,5120400,8135500,1.64,12
Belize,22966,29.34,6.04,108800000,117000000,401400000,2.4,0,3600,4.6,25.69,2.9,90000,67.49,18000000,2,0,0,0,0,0,5000,0,0,0,0,279457,0,0,111100000,33300,60400,3.68,12.9
Benin,112620,41.99,13.76,565200000,285200000,720900000,1.9,5800,68000,8.3,85,2.8,0,50.51,96500000,2.4,0,0,0,0,608800000,11500,0,0,700,4105000,7460025,0,578,839300000,66500,236200,5.86,0
Bermuda,53,11.6,7.63,598000000,643000000,879000000,0,0,0,0,8.53,3.3,37470,77.79,4030000,0.11,0,0,0,0,0,4000,0,0,0,0,65365,0,0,0,56000,37873,1.89,5
Bhutan,47000,34.03,12.94,312900000,2001000000,154000000,0.1,0,100,9.3,100.44,3,0,54.39,13700000,1.8,0,0,0,0,0,1020,0,0,0,0,2232291,0,0,0,25200,22000,4.81,0
Bolivia,1098580,23.76,7.64,3848000000,4132000000,1986000000,0.1,0,4900,5.7,53.11,4.9,3800000,65.5,132200000,1.6,1150000000,2900000000,0,8440000000,7.272E+11,49000,0,0,39000,458800000,8857870,0,3519,1214000000,600100,1401500,2.94,9.2
Bosnia and Herzegovina,51129,12.49,8.44,8318000000,10040000000,1700000000,0.1,100,900,5.5,21.05,1.1,1026000,72.85,234300000,4.5,300000000,0,300000000,0,0,20000,0,0,0,0,4025476,0,1021,2000000000,938000,1050000,1.71,44
Botswana,600370,23.33,29.36,1890000000,930000000,2940000000,37.3,33000,350000,4.4,54.58,7,264000,33.87,338500000,3.9,0,0,0,0,0,16000,0,0,0,0,1640115,8.6,888,5700000000,142400,435000,2.85,23.8
Bouvet Island,59,0,0,0,0,0,0,0,0,0,0,0,0,0,0,0,0,0,0,0,0,0,0,0,0,0,0,0,0,0,0,0,0,0
Brazil,8511965,16.83,6.15,3.519E+11,3.39E+11,95000000000,0.7,15000,660000,6,29.61,7.6,89000000,71.69,11000000000,1.8,9590000000,0,3640000000,5950000000,2.217E+11,2199000,0,0,1788000,13900000000,186112794,52,29412,52940000000,38810000,46373300,1.93,11.5
British Indian Ocean Territory,60,0,0,0,0,0,0,0,0,0,0,0,0,0,0,0,0,0,0,0,0,0,0,0,0,0,0,0,0,0,0,0,0,0
British Virgin Islands,153,14.96,4.42,33740000,36280000,25300000,0,0,0,0,18.05,2.5,12770,76.27,0,0,0,0,0,0,0,420,0,0,0,0,22643,0,0,0,11700,8000,1.72,3
Brunei,5770,19.01,3.42,2286000000,2458000000,7700000000,0.1,200,200,5,12.61,0.3,158000,74.8,290700000,5.1,1350000000,9000000000,0,10350000000,3.15E+11,13000,199000,0,204000,1255000000,372361,0,0,0,90000,137000,2.3,3.2
Bulgaria,110910,9.66,14.26,32710000000,43070000000,9134000000,0.1,100,346,5.2,20.55,6.1,3398000,72.03,356000000,2.6,5804000000,0,5800000000,4000000,3724000000,94000,0,0,603,8100000,7450349,41.9,4294,7526000000,2868200,2597500,1.38,12.7
Burkina Faso,274200,44.17,18.86,335700000,361000000,418600000,4.2,29000,300000,14,97.57,2.4,5000000,43.92,64200000,1.3,0,0,0,0,0,8000,0,0,0,0,13925313,0,622,474900000,65400,227000,6.23,0
Burma,678500,18.11,12.15,3484000000,5068000000,2137000000,1.2,20000,330000,0,67.24,17.2,27010000,56.22,39000000,2.1,1569000000,8424000000,0,9980000000,2.46E+12,60950,3356,49230,17550,3200000000,42909464,0,3955,590000000,357300,66500,2.01,5.2
Burundi,27830,39.66,17.43,137800000,132000000,31840000,6,25000,250000,18,69.29,8.5,2990000,43.5,38700000,6,0,0,0,0,0,2750,0,0,0,0,6370609,0,0,76890000,23900,64000,5.81,0
Cambodia,181040,27.08,8.97,100600000,122000000,2311000000,2.6,15000,170000,22,71.48,3.1,7000000,58.87,112000000,3,0,0,0,0,0,7200,0,0,0,0,13607069,0,602,997500000,35400,380000,3.44,2.5
Cameroon,475440,34.67,15.4,3321000000,3571000000,2445000000,6.9,49000,560000,4.2,68.26,1,6680000,47.84,221100000,1.6,0,0,0,0,55220000000,22000,0,0,94000,80000000,16380005,69.1,1008,687500000,110900,1077000,4.47,30
Canada,9984670,10.84,7.73,4.873E+11,5.489E+11,3.156E+11,0.3,1500,56000,2,4.75,1.9,17370000,80.1,9801700000,1.1,55800000000,91520000000,8730000000,1.658E+11,1.691E+12,2200000,1370000,987000,3110000,1.789E+11,32805041,0,48909,36270000000,19950900,13221800,1.61,7
Cape Verde,4033,25.33,6.62,40060000,43080000,61110000,0.04,225,775,0,47.77,1.5,0,70.45,14100000,1.5,0,0,0,0,0,2000,0,0,0,0,418224,0,0,112700000,71700,53300,3.48,21
Cayman Islands,262,12.92,4.81,382100000,410800000,1200000,0,0,0,0,8.19,2.8,19820,79.95,0,0,0,0,0,0,0,2400,0,0,0,0,44270,0,0,0,38000,17000,1.9,4.1
Central African Republic,622984,35.17,20.27,98580000,106000000,172000000,13.5,23000,260000,3,91,3.6,0,41.01,15500000,1,0,0,0,0,0,2400,0,0,0,0,3799897,0,0,0,9000,13000,4.5,8
Chad,1284000,45.98,16.41,89400000,96130000,365000000,4.8,18000,200000,5,93.82,8,0,47.94,101300000,2.1,0,0,0,0,0,1500,0,0,200000,0,9826419,0,0,652700000,11800,65000,6.32,0
Chile,756950,15.44,5.76,41800000000,48600000000,29200000000,0.3,1400,26000,7.8,8.8,2.4,6200000,76.58,3420000000,3.8,6517000000,0,5337000000,1180000000,99050000000,240000,0,221500,18500,150000000,15980912,12.8,6585,16020000000,3467000,6445700,2.02,8.5
China,9596960,13.14,6.94,1.63E+12,1.91E+12,5.831E+11,0.1,44000,840000,17.1,24.18,4.1,760800000,72.27,67490000000,4.3,29180000000,0,0,35000000000,2.23E+12,4956000,427800,2414000,3392000,17740000000,1306313812,31.4,70058,6.099E+11,263000000,269000000,1.72,9.8
Christmas Island,135,0,0,0,0,0,0,0,0,0,0,0,0,0,0,0,0,0,0,0,0,0,0,0,0,0,361,0,0,0,0,0,0,0
Clipperton Island,6,0,0,0,0,0,0,0,0,0,0,0,0,0,0,0,0,0,0,0,0,0,0,0,0,0,0,0,0,0,0,0,0,0
Cocos (Keeling) Islands,14,0,0,0,0,0,0,0,0,0,0,0,0,0,0,0,0,0,0,0,0,0,0,0,0,0,628,0,0,0,287,0,0,60
Colombia,1138910,20.82,5.59,41140000000,44870000000,15500000000,0.7,3600,190000,4,20.97,5.9,20700000,71.72,3300000000,3.4,5700000000,0,0,5700000000,1.32E+11,252000,0,0,531100,1700000000,42954279,51.8,3304,11940000000,8768100,6186200,2.56,13.6
Comoros,2170,37.52,8.4,22170000,23840000,28000000,0.12,0,0,-2,74.93,3.5,144500,61.96,11600000,3,0,0,0,0,0,700,0,0,0,0,671247,0,0,0,13200,2000,5.09,20
Congo Democratic Republic of the,2345410,44.38,14.43,4168000000,6086000000,1417000000,4.2,100000,1100000,0,92.87,14,14510000,49.35,93500000,1.5,0,0,0,0,1.048E+11,14000,0,0,24000,1538000000,60085804,0,5138,0,10000,1000000,6.54,0
Congo Republic of the,342000,27.88,14.82,573600000,348000000,2224000000,4.9,9700,90000,0,92.41,1.8,0,48.97,126500000,2.8,0,0,0,0,495500000,5000,0,0,227000,93500000,3039126,0,894,40420000,7000,330000,3.54,0
Cook Islands,240,0,0,25110000,27000000,9100000,0,0,0,1,0,3.2,8000,0,0,0,0,0,0,0,0,450,0,0,0,0,21388,0,0,0,6200,1500,0,13
Costa Rica,51100,18.6,4.33,5733000000,6614000000,6184000000,0.6,900,12000,3.1,9.95,11.5,1810000,76.84,64200000,0.4,0,0,0,0,0,37000,0,0,0,0,4016173,58,950,1736000000,1132000,528047,2.28,6.6
Cote d'Ivoire,322460,35.51,14.94,2976000000,4759000000,5124000000,7,47000,570000,15,90.83,1.4,6700000,48.62,180200000,1.2,1350000000,0,0,1350000000,14870000000,32000,0,0,29300,220000000,17298040,74.8,660,1950000000,328000,1236000,4.58,13
Croatia,56542,9.57,11.38,15200000000,12510000000,7845000000,0.1,10,200,2.7,6.84,2.5,1710000,74.45,620000000,2.39,2840000000,0,1080000000,1760000000,34360000000,89000,0,0,21000,93600000,4495904,41.7,2726,8563000000,1825000,2553000,1.39,13.8
Cuba,110860,12.03,7.19,13400000000,14410000000,2104000000,0.1,200,3300,1.4,6.33,3.1,4550000,77.23,572300000,1.8,600000000,0,0,600000000,42620000000,163000,0,0,77900,532000000,11346670,0,4226,738600000,574400,17900,1.66,2.5
Cyprus,9250,12.57,7.64,602000000,4000000000,49300000,0.1,0,1000,-0.3,7.18,2.4,95025,77.65,384000000,3.8,0,0,0,0,0,49000,0,0,300,0,780133,74.9,0,941600000,86228,143178,1.83,3.2
Czech Republic,78866,9.07,10.54,55330000000,71750000000,66510000000,0.1,10,2500,4.7,3.93,3.2,5250000,76.02,2170000000,2.02,9892000000,1000000,9521000000,160000000,3057000000,175700,26670,192300,7419,17250000,10241138,33.5,9520,32780000000,3626000,9708700,1.2,10.6
Denmark,43094,11.36,10.43,31630000000,36380000000,73060000000,0.2,100,5000,1.7,4.56,1.4,2870000,77.62,3271600000,1.5,5280000000,3100000000,0,8380000000,81980000000,218000,332100,195000,346200,1230000000,5432335,42.5,3002,37980000000,3610100,4785300,1.74,6.2
Dhekelia,131,0,0,0,0,0,0,0,0,0,0,0,0,0,0,0,0,0,0,0,0,0,0,0,0,0,0,0,0,0,0,0,0,0
Djibouti,23000,39.98,19.39,167400000,180000000,155000000,2.9,690,9100,3,104.13,2,282000,43.1,28600000,4.4,0,0,0,0,0,11300,0,0,0,0,476703,0,100,0,9500,23000,5.4,50
Dominica,754,15.73,6.81,63620000,68410000,39000000,0,0,0,-10,14.15,1,25000,74.65,0,0,0,0,0,0,0,600,0,0,0,0,69029,0,0,0,23700,9400,1.96,23
Dominican Republic,48730,23.28,7.35,8912000000,9583000000,5446000000,1.7,7900,88000,2,32.38,55,0,67.26,180000000,1.1,0,0,0,0,0,129000,0,129900,0,0,8950034,61.1,1743,426000000,901800,2120400,2.86,17
East Timor,15007,27.19,6.3,0,0,8000000,0,0,0,8.5,47.41,4,0,65.9,4400000,0,0,0,0,0,0,0,0,0,0,0,1040880,0,0,0,0,0,3.61,50
Ecuador,283560,22.67,4.24,75580000000,81270000000,7560000000,0.3,1700,21000,10,23.66,2,4530000,76.21,655000000,2.2,160000000,0,0,160000000,1.065E+11,129000,387000,0,523000,4408000000,13363593,49.2,966,1436000000,1549000,2394400,2.72,11.1
Egypt,1001450,23.32,5.26,75580000000,81270000000,11000000000,0.1,700,12000,2.5,32.59,9.5,20710000,71,2440000000,3.4,21200000000,0,0,21200000000,1.264E+12,562000,0,0,740000,2700000000,77505756,102.7,5063,14030000000,8735700,5797500,2.88,10.9
El Salvador,21040,27.04,5.85,4450000000,4158000000,3249000000,0.7,2200,29000,0.7,25.1,5.4,2750000,71.22,157000000,1.1,0,0,0,0,0,39000,0,0,0,0,6704932,41.7,283,1888000000,752600,1149800,3.16,6.3
Equatorial Guinea,28051,36.18,12,24820000,26690000,2771000000,3.4,370,5900,30,85.13,8.5,0,55.56,126200000,2.5,20000000,0,0,20000000,68530000000,2000,0,0,350000,563500000,535881,0,0,235200000,9600,41500,4.62,30
Eritrea,121320,38.62,13.53,229400000,246600000,64440000,2.7,6300,60000,0,74.87,10,0,52.16,151000000,13.4,0,0,0,0,0,6000,0,0,0,0,4561599,0,306,30870000,38100,0,5.61,0
Estonia,45226,9.91,13.21,6358000000,8301000000,5701000000,1.1,200,7800,5,7.87,3,660000,71.77,155000000,2,1270000000,0,1270000000,0,0,24000,0,0,5100,0,1332893,5.4,958,1503000000,475000,881000,1.39,9.6
Ethiopia,1127127,38.61,15.06,1998000000,2149000000,562800000,4.4,120000,1500000,6.7,95.32,2.4,0,48.83,337100000,4.6,0,0,0,0,12460000000,23000,0,0,0,214000,73053286,0,681,923100000,435000,97800,5.33,0
Europa Island,28,0,0,0,0,0,0,0,0,0,0,0,0,0,0,0,0,0,0,0,0,0,0,0,0,0,0,0,0,0,0,0,0,0
#European Union,3976372,10.1,10.1,2.661E+12,2.888E+12,1.109E+12,0,0,0,2.4,5.2,2.1,215000000,78.2,0,0,4.677E+11,78100000000,2.978E+11,2.426E+11,3.256E+12,14540000,5322000,15690000,2648000,28210000000,457030418,0,222293,0,238763162,314644700,1.48,9.5
Falkland Islands (Islas Malvinas),12173,0,0,17720000,19060000,82000000,0,0,0,0,0,3.6,1100,0,0,0,0,0,0,0,0,200,0,0,0,0,2967,0,0,0,2400,0,0,0
Faroe Islands,1399,13.97,8.69,204600000,220000000,408000000,0,0,0,8,6.24,5.1,24250,79.21,0,0,0,0,0,0,0,4500,0,0,0,0,46962,0,0,0,23000,30700,2.2,1
Fiji,18270,22.73,5.65,697500000,750000000,609000000,0.1,200,600,0,12.62,1.6,137000,69.53,36000000,2.2,0,0,0,0,0,5700,0,0,0,0,893354,0,597,0,102000,109900,2.75,7.6
Finland,338145,10.5,9.79,78580000000,71590000000,61040000000,0.1,100,1500,2,3.57,0.7,2660000,78.35,1800000000,2,4557000000,0,4567000000,0,0,211400,101000,318300,0,0,5223442,46.8,5851,11170000000,2548000,4700000,1.73,8.9
France,547030,12.15,9.08,4.147E+11,5.286E+11,4.19E+11,0.4,1000,120000,1.7,4.26,2.3,27700000,79.6,45238100000,2.6,42010000000,1725000000,40260000000,1898000000,12860000000,2026000,409600,2281000,34920,144300000,60656178,67.7,32175,70760000000,33905400,41683100,1.85,10.1
French Guiana,91000,20.7,4.85,427900000,460100000,155000000,0,0,0,0,12.07,1.5,58800,77.09,0,0,0,0,0,0,0,6500,0,0,0,0,195506,0,0,0,51000,138200,3.01,22
French Polynesia,4167,16.93,4.63,353400000,380000000,244000000,0,0,0,0,8.44,1.5,70000,75.9,0,0,0,0,0,0,0,4750,0,0,0,0,270485,0,0,0,52500,90000,2.04,11.8
French Southern and Antarctic Lands,7829,0,0,0,0,0,0,0,0,0,0,0,0,0,0,0,0,0,0,0,0,0,0,0,0,0,0,0,0,0,0,0,0,0
Gabon,267667,36.24,11.72,1080000000,1161000000,3710000000,8.1,3000,48000,1.6,53.64,1.5,650000,55.75,184800000,2,80000000,0,0,80000000,66470000000,13000,0,0,264900,2022000000,1389201,29.3,814,268600000,38400,300000,4.77,21
Gambia The,11300,39.86,11.81,83990000,90310000,114400000,1.2,600,6800,0,72.02,7,400000,55.2,1000000,0.3,0,0,0,0,0,1900,0,0,0,0,1593256,0,0,113100000,38400,100000,5.38,0
Gaza Strip,360,40.03,3.87,0,0,205000000,0,0,0,0,22.93,2.2,725000,71.79,0,0,0,0,0,0,0,0,0,0,0,0,1376289,0,0,0,95729,320000,5.91,50
Georgia,69700,10.25,9.09,6811000000,6732000000,909400000,0.1,200,3000,3,18.59,5.5,2100000,75.88,23000000,0.59,1160000000,0,1100000000,60000000,0,31500,0,0,2000,0,4677401,0,1612,231400000,650500,522300,1.41,17
Germany,357021,8.33,10.55,5.195E+11,5.6E+11,8.933E+11,0.1,1000,43000,2.2,4.16,1.6,42630000,78.65,35063000000,1.5,99550000000,7731000000,85020000000,21000000000,2.93E+11,2891000,12990,2135000,74100,395800000,82431390,65.8,46039,96840000000,54350000,64800000,1.39,10.6
Ghana,239460,23.97,10.84,6137000000,6922000000,3010000000,3.1,30000,350000,3.8,51.43,13,10240000,56,49200000,0.6,0,0,0,0,11890000000,38000,0,0,7000,8255000,21029853,0,953,1267000000,302300,799900,3.02,20
Gibraltar,7,10.87,9.18,96760000,104000000,136000000,0,0,0,0,5.13,1.5,14800,79.67,0,0,0,0,0,0,0,42000,0,0,0,0,27884,0,0,0,24512,9797,1.65,2
Glorioso Islands,5,0,0,0,0,0,0,0,0,0,0,0,0,0,0,0,0,0,0,0,0,0,0,0,0,0,0,0,0,0,0,0,0,0
Greece,131940,9.72,10.15,47420000000,47220000000,15500000000,0.2,100,9100,4.1,5.53,2.9,4400000,79.09,5890000000,4.3,2021000000,0,2018000000,35000000,254900000,405700,84720,468300,5992,4500000,10668354,112,2571,7300000000,5205100,8936200,1.33,10
Greenland,2166086,15.93,7.77,227900000,245000000,388000000,0,0,100,0,15.82,1.6,24500,69.65,0,0,0,0,0,0,0,3700,0,0,0,0,56375,0,0,0,26000,16747,2.41,10
Grenada,344,22.3,7.17,138600000,149000000,46000000,0,0,0,0.7,14.62,2.8,42300,64.53,0,0,0,0,0,0,0,1000,0,0,0,0,89502,0,0,0,33500,7600,2.37,12.5
Guadeloupe,1780,15.42,6.06,1079000000,1160000000,140000000,0,0,0,0,8.6,0,125900,77.9,0,0,0,0,0,0,0,13000,0,0,0,0,448713,0,0,0,210000,323500,1.91,27.8
Guam,549,19.03,4.41,776600000,835000000,38000000,0,0,0,0,6.94,0,60000,78.4,0,0,0,0,0,0,0,20000,0,0,0,0,168564,0,0,0,84134,32600,2.6,15
Guatemala,108890,34.11,6.81,5760000000,6608000000,2911000000,1.1,5800,78000,4.1,35.93,7.2,3680000,65.14,201900000,0.8,0,0,0,0,1543000000,61000,3104,0,25000,263000000,14655189,32,886,3084000000,846000,1577100,4.53,7.5
Guernsey,78,9.01,9.95,0,0,0,0,0,0,0,4.71,4.9,32290,80.3,0,0,0,0,0,0,0,0,0,0,0,0,65228,0,0,0,55000,31500,1.38,0.5
Guinea,245857,42.03,15.38,795200000,855000000,709200000,3.2,9000,140000,3.2,90.37,18,3000000,49.86,56700000,1.7,0,0,0,0,0,8600,0,0,0,0,9467866,0,837,201700000,26200,111500,5.83,0
Guinea-Bissau,36120,37.65,16.53,51150000,55000000,54000000,10,1200,17000,2.6,107.17,4,480000,46.97,8900000,3.1,0,0,0,0,0,2500,0,0,0,0,1416027,0,0,0,10600,1300,4.93,0
Guyana,214970,18.45,8.32,751400000,808000000,570200000,2.5,1100,11000,7.1,33.26,4.5,418000,65.5,6500000,0.9,0,0,0,0,0,11000,0,0,0,0,765283,0,187,280600000,80400,87300,2.05,0
Haiti,27750,36.59,12.34,574700000,618000000,338100000,5.6,24000,280000,0,73.45,22,3600000,52.92,26000000,0.9,0,0,0,0,0,11000,0,0,0,0,8121622,0,0,80640000,130000,140000,5.02,0
Heard Island and McDonald Islands,412,0,0,0,0,0,0,0,0,0,0,0,0,0,0,0,0,0,0,0,0,0,0,0,0,0,0,0,0,0,0,0,0,0
Holy See (Vatican City),0,0,0,0,0,0,0,0,0,0,0,0,0,0,0,0,0,0,0,0,0,0,0,0,0,0,921,0,0,0,0,0,0,0
Honduras,112090,30.38,6.87,3771000000,3626000000,1457000000,1.8,4100,63000,7.7,29.32,7,2470000,65.6,100600000,1.4,0,0,0,0,0,29000,0,0,0,0,6975204,74.1,699,1464000000,322500,326500,3.87,28.5
Hong Kong,1092,7.23,5.98,38450000000,35510000000,2.681E+11,0.1,200,2600,1,2.97,-0.3,3540000,81.39,0,0,680900000,0,680900000,0,0,257000,0,0,0,0,6898686,2.1,0,1.236E+11,3801300,7241400,0.91,6.7
Howland Island,2,0,0,0,0,0,0,0,0,0,0,0,0,0,0,0,0,0,0,0,0,0,0,0,0,0,0,0,0,0,0,0,0,0
Hungary,93030,9.76,13.19,35990000000,34070000000,54620000000,0.1,100,2800,9.6,8.57,7,4170000,72.4,1080000000,1.75,13370000000,4000000,9587000000,3231000000,50450000000,140700,47180,136600,41190,110700000,10006835,58.3,7937,14800000000,3666400,6862800,1.32,5.9
Iceland,103000,13.73,6.68,7692000000,8271000000,2902000000,0.2,100,220,8.8,3.31,4,158100,80.19,0,0,0,0,0,0,0,16300,0,15470,0,0,296737,35.9,0,935000000,190700,279100,1.92,3.1
India,3287590,22.32,8.28,5.101E+11,5.472E+11,69180000000,0.9,310000,5100000,7.4,56.29,4.2,482200000,64.35,16970000000,2.5,22750000000,0,0,22750000000,5.424E+11,2130000,0,0,780000,5700000000,1080264388,59.7,63140,1.26E+11,48917000,26154400,2.78,9.2
Indonesia,1919440,20.71,6.25,92350000000,1.102E+11,69860000000,0.1,2400,110000,10.5,35.6,6.1,111500000,69.57,1300000000,3,55300000000,39700000000,0,77600000000,2.549E+12,1183000,518100,370500,971000,4900000000,241973879,56.2,6458,35820000000,7750000,11700000,2.44,9.2
Iran,1648000,16.83,5.55,1.199E+11,1.29E+11,38790000000,0.1,800,31000,3.5,41.58,15.5,23000000,69.96,4300000000,3.3,72400000000,3400000000,4920000000,79000000000,2.67E+13,1400000,2500000,0,3962000,1.308E+11,68017860,27,7203,29870000000,14571100,3376500,1.82,11.2
Iraq,437072,32.5,5.49,33700000000,32600000000,10100000000,0.1,0,500,0,50.25,25.4,6700000,68.7,1300000000,0,2350000000,0,0,2350000000,3.149E+12,383000,1490000,0,2250000,1.125E+11,26074906,0,1963,0,675000,20000,4.28,25
Ireland,70280,14.47,7.85,21780000000,22880000000,1.038E+11,0.1,100,2800,7,5.39,2.2,1920000,77.56,700000000,0.9,4199000000,0,3384000000,815000000,9911000000,174400,27450,178600,0,0,4015676,31.2,3312,4152000000,1955000,3400000,1.87,4.3
Israel,20770,18.21,6.18,38300000000,42670000000,34410000000,0.1,100,3000,4.5,7.03,0,2680000,79.32,9110000000,8.7,10000000,0,0,10000000,20810000000,260000,0,0,80,1920000,6276883,104.5,640,28480000000,3006000,6334000,2.44,10.7
Italy,301230,8.89,10.3,2.939E+11,2.616E+11,3.364E+11,0.5,1000,140000,0.7,5.94,2.3,24270000,79.68,28182800000,1.8,71180000000,61000000,54780000000,15490000000,2.097E+11,1866000,456600,2158000,79460,586600000,58103033,105.6,19507,61500000000,26596000,55918000,1.28,8.6
Jamaica,10991,16.56,5.37,5849000000,6289000000,1679000000,1.2,900,22000,-2,12.36,12.4,1140000,76.29,31200000,0.4,0,0,0,0,0,66000,0,0,0,0,2731832,146.1,272,1400000000,444400,1400000,1.95,15
Jan Mayen,373,0,0,0,0,0,0,0,0,0,0,0,0,0,0,0,0,0,0,0,0,0,0,0,0,0,0,0,0,0,0,0,0,0
Japan,377835,9.47,8.95,9.71E+11,1.044E+12,5.388E+11,0.1,500,12000,6.6,3.26,-0.1,66970000,81.15,45841000000,1,80420000000,0,77730000000,2519000000,20020000000,5290000,93360,5449000,17330,29290000,127417244,164.3,23705,6.646E+11,71149000,86658600,1.39,4.7
Jarvis Island,5,0,0,0,0,0,0,0,0,0,0,0,0,0,0,0,0,0,0,0,0,0,0,0,0,0,0,0,0,0,0,0,0,0
Jersey,116,9.66,9.19,630100000,0,0,0,0,0,0,5.24,5.3,52790,79.24,0,0,0,0,0,0,0,0,0,0,0,0,90812,0,0,0,73900,61400,1.57,0.9
Johnston Atoll,3,0,0,0,0,0,0,0,0,0,0,0,0,0,0,0,0,0,0,0,0,0,0,0,0,0,361,0,0,0,0,0,0,0
Jordan,92300,21.76,2.63,7094000000,7307000000,3200000000,0.1,500,600,5,17.35,3.2,1410000,78.24,1460000000,14.6,290000000,0,0,290000000,3256000000,103000,0,100000,40,445000,5759732,85.8,505,5457000000,622600,1325300,2.71,15
Juan de Nova Island,4,0,0,0,0,0,0,0,0,0,0,0,0,0,0,0,0,0,0,0,0,0,0,0,0,0,0,0,0,0,0,0,0,0
Kazakhstan,2717300,15.78,9.46,62210000000,66820000000,18470000000,0.2,200,16500,10.6,29.21,6.9,7950000,66.55,221800000,0.9,14300000000,11010000000,8696000000,11600000000,1.8E+12,189400,890000,47000,1200000,26000000000,15185844,13.7,13601,14350000000,2081900,1027000,1.89,8
Kenya,582650,40.13,14.65,4337000000,4475000000,2589000000,6.7,150000,1200000,2.6,61.47,9,11400000,47.99,177100000,1.3,0,0,0,0,0,57000,0,0,0,0,33829590,74.3,2778,1500000000,328400,1590800,4.96,40
Kingman Reef,1,0,0,0,0,0,0,0,0,0,0,0,0,0,0,0,0,0,0,0,0,0,0,0,0,0,0,0,0,0,0,0,0,0
Kiribati,811,30.86,8.37,6510000,7000000,35000000,0,0,0,0.7,48.52,2.5,7870,61.71,0,0,0,0,0,0,0,190,0,0,0,0,103092,0,0,0,4500,500,4.2,2
Korea North,120540,16.09,7.05,31260000000,33620000000,1200000000,0,0,0,0,24.04,0,9600000,71.37,5217400000,0,0,0,0,0,0,85000,0,11500,0,0,22912177,0,5214,0,1100000,0,2.15,0
Korea South,98480,10.08,6.26,2.936E+11,3.225E+11,2.506E+11,0.1,200,8300,10.1,7.05,3.6,22900000,75.82,16180000000,2.8,20920000000,0,21110000000,0,0,2070000,630100,2263000,0,0,48422644,21.3,3125,1.991E+11,22877000,33591800,1.26,3.6
Kuwait,17820,21.88,2.42,30160000000,32430000000,27420000000,0.12,0,0,-5,9.95,2.3,1420000,77.03,2584500000,5.3,8700000000,0,0,8700000000,1.548E+12,293000,1970000,0,2319000,96500000000,2335648,29.6,0,7333000000,486900,1420000,2.97,2.2
Kyrgyzstan,198500,22.48,7.13,10210000000,11720000000,646700000,0.1,200,3900,6,35.64,3.2,2700000,68.16,19200000,1.4,2016000000,0,2000000000,16000000,0,20000,0,0,2000,0,5146281,0,470,498700000,394800,53100,2.7,18
Laos,236800,35.99,11.83,3036000000,3560000000,365500000,0.1,200,1700,9.7,85.22,12.3,2600000,55.08,10700000,0.5,0,0,0,0,0,2750,0,0,0,0,6217141,0,0,193100000,61900,55200,4.77,5.7
Latvia,64589,9.04,13.7,5829000000,4547000000,3569000000,0.6,500,7600,8.5,9.55,6,1170000,71.05,87000000,1.2,1700000000,0,1700000000,0,0,44000,0,0,0,0,2290237,11.8,2303,1650000000,653900,1219600,1.26,8.8
Lebanon,10400,18.88,6.24,8591000000,8066000000,1783000000,0.1,200,2800,0,24.52,2,2600000,72.63,540600000,3.1,0,0,0,0,0,107000,0,0,0,0,3826018,177.9,401,16300000000,678800,775100,1.92,18
Lesotho,30355,26.53,25.03,308000000,314000000,484500000,28.9,29000,320000,15.5,84.23,5.3,838000,36.68,32300000,2.3,0,0,0,0,0,1500,0,0,0,0,1867035,0,0,402200000,28600,92000,3.35,45
Liberia,111370,44.22,17.87,454600000,488800000,1079000000,5.9,7200,100000,0,128.87,15,0,47.69,1500000,0.2,0,0,0,0,0,3100,0,0,0,0,3482211,0,490,0,7000,2000,6.09,85
Libya,1759540,26.82,3.48,19430000000,20890000000,18650000000,0.3,0,10000,0,24.6,2.9,1590000,76.5,1300000000,3.9,5410000000,770000000,0,6180000000,1.321E+12,216000,0,0,1518000,38000000000,5765563,8.8,0,24180000000,750000,100000,3.34,30
Liechtenstein,160,10.41,7.06,0,0,2470000000,0,0,0,0,4.7,1,29000,79.55,0,0,0,0,0,0,0,0,0,0,0,0,33717,0,0,0,19900,11400,1.51,1.3
Lithuania,65200,8.62,10.92,10170000000,17930000000,8880000000,0.1,200,1300,12,6.89,1.1,1630000,73.97,230800000,1.9,2760000000,0,2760000000,0,0,72000,0,0,4594,0,3596617,25.2,1998,4610000000,824200,2169900,1.19,8
Luxembourg,2586,12.06,8.41,5735000000,2511000000,13400000000,0.2,100,500,2.9,4.81,2.4,293700,78.74,231600000,0.9,865000000,0,867000000,0,0,50650,634,50700,0,0,468571,0,274,0,355400,473000,1.79,4.5
Macau,25,8.04,4.23,1772000000,1719000000,2580000000,0,0,0,0,4.39,2,231500,82.03,0,0,0,0,0,0,0,11190,0,0,0,0,449198,0,0,0,174600,364000,0.93,4.7
Macedonia,25333,12,8.73,7216000000,6273000000,1629000000,0.1,100,200,0,10.09,0.4,855000,73.73,200000000,6,0,0,0,0,0,22000,0,0,0,0,2045262,20,699,928000000,560000,365300,1.57,37.7
Madagascar,587040,41.66,11.35,781400000,840200000,868200000,1.7,7500,140000,3,76.83,7.5,7300000,56.95,44600000,1.2,0,0,0,0,0,13000,0,0,0,0,18040341,0,732,500300000,59600,279500,5.66,0
Malawi,118480,43.95,23.39,1012000000,1088000000,503400000,14.2,84000,900000,1.4,103.32,12,4500000,36.97,11100000,0.7,0,0,0,0,0,5400,0,0,0,0,12158924,228.3,797,160500000,85000,135100,5.98,0
Malaysia,329750,23.07,5.06,68400000000,75330000000,1.235E+11,0.4,2000,52000,10.2,17.7,1.3,10490000,72.24,1690000000,2.03,31250000000,22410000000,0,53660000000,2.23E+12,460000,230200,0,785000,3200000000,23953136,45.4,2418,55270000000,4571600,11124100,3.07,3
Maldives,300,35.43,7.24,115700000,124400000,90000000,0.1,0,100,4.4,56.52,1,88000,64.06,41100000,5.5,0,0,0,0,0,3200,0,0,0,0,349106,0,0,0,28700,41900,5.02,0
Mali,1240000,46.77,19.05,651000000,700000000,915000000,1.9,12000,140000,0,116.79,4.5,3930000,45.09,22400000,0.4,0,0,0,0,0,4000,0,0,0,0,12291529,0,729,0,56600,250000,6.5,5.3
Malta,316,10.17,8,2000000000,2150000000,2625000000,0.2,100,500,0,3.89,2.9,160000,78.86,31100000,0.7,0,0,0,0,0,20000,0,0,0,0,398534,0,0,2865000000,208300,290000,1.5,7
Man Isle of,572,11.18,11.26,0,0,0,0,0,0,3.2,5.93,3.6,39690,78.34,0,0,0,0,0,0,0,0,0,0,0,0,75049,0,61,0,51000,0,1.65,0.6
Marshall Islands,181,33.52,4.88,0,0,9000000,0,0,0,0,29.45,2,28700,70.01,0,0,0,0,0,0,0,0,0,0,0,0,59071,0,0,0,4500,600,3.93,30.9
Martinique,1100,14.14,6.44,1095000000,1178000000,250000000,0,0,0,0,7.09,3.9,165900,79.04,0,0,0,0,0,0,0,13500,0,0,0,0,432900,0,0,0,172000,319900,1.79,27.2
Mauritania,1030700,41.43,12.44,176900000,190200000,541000000,0.6,0,9500,2,70.89,7,786000,52.73,20800000,1.7,0,0,0,0,0,24000,0,0,0,0,3086859,0,0,0,31500,300000,5.94,20
Mauritius,2040,15.62,6.83,1707000000,1836000000,2012000000,0.1,100,700,8,15.03,4.5,560000,72.38,12500000,0.2,0,0,0,0,0,21000,0,0,0,0,1230602,29.2,0,1676000000,348200,462400,1.96,10.8
Mayotte,374,41.58,7.9,0,0,3440000,0,0,0,0,62.4,0,48800,61.39,0,0,0,0,0,0,0,0,0,0,0,0,193633,0,0,0,10000,21700,5.89,38
Mexico,1972550,21.01,4.73,1.897E+11,2.036E+11,1.824E+11,0.3,5000,160000,3.8,20.91,5.4,34730000,75.19,6043000000,0.9,55100000000,0,7850000000,47300000000,4.2E+11,1752000,1863000,205000,3460000,18000000000,106202903,23.5,19510,60670000000,15958700,28125000,2.45,3.2
Micronesia Federated States of,702,25.11,4.87,178600000,192000000,22000000,0,0,0,0,30.21,1,0,69.75,0,0,0,0,0,0,0,0,0,0,0,0,108105,0,0,0,10100,1800,3.25,16
Midway Islands,6,0,0,0,0,0,0,0,0,0,0,0,0,0,0,0,0,0,0,0,0,0,0,0,0,0,0,0,0,0,0,0,0,0
Moldova,33843,15.27,12.79,4605000000,3876000000,1030000000,0.2,300,5500,17,40.42,11.5,1360000,65.18,8700000,0.4,2050000000,0,2050000000,0,0,24000,0,0,0,0,4455421,63.4,1138,390000000,706900,338200,1.81,8
Monaco,2,9.26,12.71,0,0,0,0,0,0,0,5.43,1.9,30540,79.57,0,0,0,0,0,0,0,0,0,0,0,0,32409,0,0,0,33700,19300,1.76,22
Mongolia,1564116,21.52,7.03,2209000000,2692000000,853000000,0.1,200,500,4.1,53.79,11,1488000,64.52,23100000,2.2,0,0,0,0,0,11000,497,11000,542,0,2791272,0,0,0,142300,404400,2.26,6.7
Montserrat,102,17.56,7.17,1674000,1800000,700000,0,0,0,0,7.35,2.6,4521,78.71,0,0,0,0,0,0,0,400,0,0,0,0,9341,0,0,0,0,70,1.78,6
Morocco,446550,22.29,5.64,14240000000,13910000000,9754000000,0.1,0,15000,0,41.62,2.1,11020000,70.66,2305600000,5,50000000,0,0,50000000,665400000,167000,0,0,1000,300000000,32725847,70.2,1907,15140000000,1219200,7332800,2.73,12.1
Mozambique,801590,35.79,20.99,5046000000,8859000000,689400000,12.2,110000,1300000,3.4,130.79,12.8,9200000,40.32,117300000,2.2,60000000,0,0,60000000,63710000000,8500,0,0,0,0,19406703,0,3123,1206000000,83700,428900,4.7,21
Namibia,825418,25.16,18.36,1920000000,1167000000,1356000000,21.3,16000,210000,0,48.98,4.2,840000,43.93,168400000,3.1,0,0,0,0,31150000000,13000,0,0,0,0,2030692,38.5,2382,360000000,127400,223700,3.18,35
Nauru,21,25.14,6.82,27900000,30000000,640000,0,0,0,0,9.95,-3.6,0,62.73,0,0,0,0,0,0,0,1000,0,0,0,0,13048,0,0,0,1900,1500,3.19,90
Navassa Island,5,0,0,0,0,0,0,0,0,0,0,0,0,0,0,0,0,0,0,0,0,0,0,0,0,0,0,0,0,0,0,0,0,0
Nepal,140800,31.45,9.47,2005000000,2054000000,568000000,0.5,3100,61000,8.7,66.98,2.9,10000000,59.8,99200000,1.5,0,0,0,0,0,16000,0,0,0,0,27676547,0,59,0,371800,50400,4.19,47
Netherlands,41526,11.14,8.68,1.007E+11,90610000000,2.931E+11,0.2,100,19000,0.8,5.04,1.4,7530000,78.81,9408000000,1.6,49720000000,49280000000,20780000000,77750000000,1.693E+12,895300,1418000,2284000,46200,88060000,16407491,55.8,2808,21440000000,10004000,12500000,1.66,6
Netherlands Antilles,960,15,6.41,934300000,1005000000,1579000000,0,0,0,0,10.03,2.1,89000,75.83,0,0,0,0,0,0,0,72000,0,0,0,0,219958,0,0,0,81000,81000,2,15.6
New Caledonia,19060,18.49,5.65,1471000000,1581000000,448000000,0,0,0,-0.6,7.72,-0.6,79400,74.04,0,0,0,0,0,0,0,8750,0,0,0,0,216494,0,0,0,52000,80000,2.31,19
New Zealand,268680,13.9,7.53,35710000000,38390000000,19850000000,0.1,200,1400,5.9,5.85,2.4,2050000,78.66,1147000000,1,6504000000,0,0,6504000000,58940000000,132700,30220,119700,42160,89620000,4035461,22.1,3898,4805000000,1765000,2599000,1.79,4.2
Nicaragua,129494,24.88,4.49,2318000000,2553000000,750000000,0.2,0,6400,4.4,29.11,9.3,1930000,70.33,32800000,0.7,0,0,0,0,0,25770,738,27950,0,0,5465100,69.5,6,670000000,171600,202800,2.81,7.8
Niger,1267000,48.3,21.33,327600000,266200000,280000000,1.2,4800,70000,0,121.69,3,70000,42.13,33300000,1.1,0,0,0,0,0,5000,0,0,0,0,11665937,0,0,0,22400,24000,6.75,0
Nigeria,923768,40.65,17.18,18430000000,19850000000,33990000000,5.4,310000,3600000,1.8,98.8,16.5,55670000,46.74,544600000,0.8,7850000000,7830000000,0,15680000000,4.007E+12,275000,0,0,2356000,34000000000,128771988,20,3557,14710000000,853100,3149500,5.53,0
Niue,260,0,0,2790000,3000000,137200,0,0,0,0,0,1,0,0,0,0,0,0,0,0,0,20,0,0,0,0,2166,0,0,0,1100,400,0,0
Norfolk Island,35,0,0,0,0,1500000,0,0,0,0,0,0,1345,0,0,0,0,0,0,0,0,0,0,0,0,0,1828,0,0,0,2532,0,0,0
Northern Mariana Islands,477,19.51,2.3,0,0,0,0,0,0,0,7.11,1.2,6006,75.88,0,0,0,0,0,0,0,0,0,0,0,0,80362,0,0,0,21000,3000,1.27,0
Norway,324220,11.67,9.45,1.074E+11,1.259E+11,76640000000,0.1,100,2100,5.2,3.7,1,2380000,79.4,4033500000,1.9,4100000000,50500000000,0,54600000000,1.716E+12,171100,3466000,88870,3310000,9859000000,4593041,33.1,4077,0,3343000,4163400,1.78,4.3
Oman,212460,36.73,3.86,9792000000,9896000000,13140000000,0.1,200,1300,-1.2,19.51,0.2,920000,73.13,252990000,11.4,6340000000,7430000000,0,13770000000,8.297E+11,54000,721000,0,775000,5500000000,3001583,10.3,0,4144000000,233900,464900,5.84,15
Pakistan,803940,30.42,8.45,52660000000,75270000000,15070000000,0.1,4900,74000,13.1,72.44,4.8,45430000,63,3848000000,4.9,23400000000,0,0,23400000000,6.956E+11,365000,0,0,61000,325500000,162419946,71.4,8163,12580000000,3982800,2624800,4.14,8.3
Palau,458,18.37,6.85,0,0,18000000,0,0,0,0,14.84,3.4,9845,70.14,0,0,0,0,0,0,0,0,0,0,0,0,20303,0,0,0,6700,1000,2.46,2.3
Palmyra Atoll,12,0,0,0,0,0,0,0,0,0,0,0,0,0,0,0,0,0,0,0,0,0,0,0,0,0,0,0,0,0,0,0,0,0
Panama,78200,19.96,6.54,4473000000,4873000000,5699000000,0.9,0,16000,5.4,20.47,2,1320000,71.94,147000000,1.1,0,0,0,0,0,40520,0,0,0,0,3039150,69.2,355,1076000000,386900,834000,2.45,12.6
Papua New Guinea,462840,29.95,7.37,1561000000,1679000000,2437000000,0.6,600,16000,0,51.45,4.2,3320000,64.93,16900000,1.4,110000000,0,0,110000000,3.855E+11,15000,0,0,46200,170000000,5545268,59.3,0,635800000,62000,15000,3.96,0
Paraguay,406750,29.43,4.53,2469000000,48360000000,2936000000,0.5,600,15000,0,25.63,5.1,2660000,74.89,53100000,0.9,0,0,0,0,0,25000,0,0,0,0,6347884,39.2,441,1164000000,273200,1770300,3.93,15.1
Peru,1285220,20.87,6.26,20220000000,22880000000,12300000000,0.5,4200,82000,5.2,31.94,3.8,11000000,69.53,829300000,1.4,910000000,0,0,910000000,2.451E+11,161000,49000,0,95500,408800000,27925628,44.1,3462,12700000000,1839200,2908800,2.56,9.6
Philippines,300000,25.31,5.47,46050000000,52860000000,38630000000,0.1,500,9000,5,23.51,5.5,35860000,69.91,805500000,1,25000000,0,0,2500000,1.076E+11,338000,0,312000,26000,152000000,87857473,74.2,897,16050000000,3310900,15201000,3.16,11.7
Pitcairn Islands,47,0,0,0,0,0,0,0,0,0,0,0,15,0,0,0,0,0,0,0,0,0,0,0,0,0,46,0,0,0,1,0,0,0
Poland,312685,10.78,10.01,1.174E+11,1.338E+11,75980000000,0.1,100,14000,10,8.51,3.4,17020000,74.41,3500000000,1.71,13850000000,41000000,8782000000,5471000000,1.544E+11,424100,53000,413700,17180,116400000,38635144,49.9,23852,41880000000,12300000,17401000,1.39,19.5
Portugal,92391,10.82,10.43,42150000000,43280000000,37680000000,0.4,1000,22000,1.1,5.05,2.1,5480000,77.53,3497800000,2.3,2542000000,0,2553000000,0,0,339800,28830,357300,0,0,10566212,61.5,2850,12300000000,4278800,9341400,1.47,6.5
Puerto Rico,9104,13.93,7.86,20540000000,22090000000,46900000000,0,0,7397,0,8.24,6.5,1300000,77.62,0,0,630000000,0,630000000,0,0,190000,0,0,0,0,3916632,0,96,0,1329500,1211111,1.91,12
Qatar,11437,15.54,4.61,9046000000,9727000000,15000000000,0.09,0,0,10,18.61,3,140000,73.67,723000000,10,15860000000,18200000000,0,32400000000,1.441E+13,30000,0,0,790000,16000000000,863051,0,0,3351000000,184500,376500,2.87,2.7
Reunion,2517,19.26,5.48,1084000000,1166000000,214000000,0,0,0,0,7.78,0,309900,73.95,0,0,0,0,0,0,0,18000,0,0,0,0,776948,0,0,0,300000,489800,2.47,36
Romania,237500,10.7,11.74,57500000000,56530000000,23540000000,0.1,350,6500,4,26.43,9.6,9660000,71.35,985000000,2.47,18500000000,0,5400000000,12600000000,1.111E+11,253800,0,0,128000,1055000000,22329977,23.6,11385,16210000000,4300000,6900000,1.36,6.3
Russia,17075200,9.8,14.52,8.943E+11,9.15E+11,1.625E+11,1.1,9000,860000,6.4,15.39,11.5,71830000,67.1,0,0,4.058E+11,1.71E+11,32700000000,5.786E+11,4.7E+13,2310000,6110000,0,8420000,69000000000,143420309,28.2,87157,1.245E+11,35500000,17608800,1.27,8.3
Rwanda,26338,40.6,16.32,195000000,166700000,69780000,5.1,22000,250000,7,91.23,7,4600000,46.96,50100000,3.2,0,0,0,0,28320000000,5300,0,0,0,0,8440820,0,0,210900000,23200,134000,5.49,0
Saint Helena,410,12.33,6.43,4650000,5000000,17000000,0,0,0,0,19,3.2,3500,77.76,0,0,0,0,0,0,0,200,0,0,0,0,7460,0,0,0,2200,0,1.54,14
Saint Kitts and Nevis,261,18.12,8.47,98440000,105800000,70000000,0,0,0,0,14.49,1.7,18170,72.15,0,0,0,0,0,0,0,710,0,0,0,0,38958,0,50,0,23500,5000,2.33,4.5
Saint Lucia,616,20.05,5.12,251300000,270300000,66000000,0,0,0,-8.9,13.53,3,43800,73.61,0,0,0,0,0,0,0,2400,0,0,0,0,166312,0,0,0,51100,14300,2.21,20
Saint Pierre and Miquelon,242,13.83,6.7,40060000,43080000,10000000,0,0,0,0,7.54,2.1,3261,78.46,0,0,0,0,0,0,0,600,0,0,0,0,7012,0,0,0,4800,0,2.03,9.8
Saint Vincent and the Grenadines,389,16.34,6,84820000,91200000,38000000,0,0,0,-0.9,14.78,-0.4,67000,73.62,0,0,0,0,0,0,0,1250,0,0,0,0,117534,0,0,0,27300,10000,1.85,15
Samoa,2944,15.95,6.54,113500000,122000000,14000000,0,3,12,2.8,27.71,4,90000,70.72,0,0,0,0,0,0,0,1000,0,0,0,0,177287,0,0,0,11800,2700,3.01,0
San Marino,61,10.18,8.07,0,0,0,0,0,0,6,5.73,3.3,18500,81.62,700000,0,0,0,0,0,0,0,0,0,0,0,28880,0,0,0,20600,16800,1.33,2.6
Sao Tome and Principe,1001,40.8,6.68,15810000,17000000,6700000,0,0,0,0,43.11,14,0,66.99,700000,0.8,0,0,0,0,0,700,0,0,0,0,187410,0,0,29780000,7000,4800,5.71,0
Saudi Arabia,1960582,29.56,2.62,1.285E+11,1.382E+11,1.13E+11,0.01,0,0,2.8,13.24,0.8,6620000,75.46,18000000000,10,56400000000,0,0,56400000000,6.339E+12,1550000,7920000,0,9021000,2.617E+11,26417599,75,1392,23620000000,3502600,7238200,4.05,25
Senegal,196190,35.21,10.6,1615000000,1737000000,1374000000,0.8,3500,44000,4.7,55.51,0.8,4650000,56.75,107300000,1.5,50000000,0,0,50000000,0,31000,0,0,0,0,11126832,55.2,906,820000000,228800,575900,4.75,48
Serbia and Montenegro,102350,12.12,10.49,32330000000,31640000000,3245000000,0.2,100,10000,1.7,12.89,8.8,3200000,74.73,654000000,0,602000000,0,0,602000000,24070000000,64000,0,0,15000,38750000,10829175,80,4380,3550000000,2611700,3634600,1.67,30
Seychelles,455,16.22,6.34,202800000,218000000,256200000,0,0,0,0,15.53,5,30900,71.82,12300000,1.8,0,0,0,0,0,4000,0,0,0,0,81188,122.8,0,70940000,21700,54500,1.75,0
Sierra Leone,71740,42.84,20.61,237400000,255300000,49000000,7,11000,170000,0,143.64,1,1369000,42.52,13200000,1.7,0,0,0,0,0,6500,0,0,0,0,6017643,0,0,0,24000,67000,5.72,0
Singapore,693,9.49,4.16,32000000000,35330000000,1.74E+11,0.2,200,4100,11.1,2.29,1.7,2180000,81.62,4470000000,4.9,2500000000,0,2500000000,0,0,700000,0,0,0,0,4425720,102.5,0,1.128E+11,1896100,3521800,1.05,3.4
Slovakia,48845,10.62,9.43,28890000000,31150000000,29240000000,0.1,100,200,5.1,7.41,7.5,2200000,74.5,406000000,1.89,6800000000,0,6600000000,190000000,7504000000,82000,0,0,1000,4500000,5431363,46.6,3661,14910000000,1294700,3678800,1.32,13.1
Slovenia,20273,8.95,10.22,11800000000,12490000000,14970000000,0.1,100,280,3.9,4.45,3.3,870000,76.14,370000000,1.7,1040000000,0,1040000000,0,0,53300,0,0,20,0,2011070,31.5,1201,8493000000,812300,1739100,1.24,6.4
Solomon Islands,28450,30.74,3.98,29760000,32000000,74000000,0,0,0,0,21.29,10,26840,72.66,0,0,0,0,0,0,0,1250,0,0,0,0,538032,0,0,0,6600,1000,4.04,0
Somalia,637657,45.62,16.97,223500000,240300000,79000000,1,0,43000,0,116.7,0,3700000,48.09,18900000,0.9,0,0,0,0,2832000000,4000,0,0,0,0,8591629,0,0,0,100000,35000,6.84,0
South Africa,1219912,18.48,21.32,1.894E+11,2.026E+11,41970000000,21.5,370000,5300000,5.5,61.81,4.5,16630000,43.27,3172000000,1.5,1800000000,0,0,1800000000,14160000000,460000,0,0,196200,7840000,44344136,45.9,22298,11680000000,4844000,16860000,2.24,26.2
South Georgia and the South Sandwich Islands,3903,0,0,0,0,0,0,0,0,0,0,0,0,0,0,0,0,0,0,0,0,0,0,0,0,0,0,0,0,0,0,0,0,0
Spain,504782,10.1,9.63,2.184E+11,2.29E+11,1.725E+11,0.7,1000,140000,3,4.42,3.2,19330000,79.52,9906500000,1.2,17960000000,0,17260000000,516000000,254900000,1497000,135100,1582000,7099,10500000,40341462,53.2,14268,19700000000,17567500,37506700,1.28,10.4
Spratly Islands,5,0,0,0,0,0,0,0,0,0,0,0,0,0,0,0,0,0,0,0,0,0,0,0,0,0,0,0,0,0,0,0,0,0
Sri Lanka,65610,15.63,6.49,6228000000,6697000000,5306000000,0.1,200,3500,7.1,14.35,5.8,7260000,73.17,514800000,2.6,0,0,0,0,0,75000,0,0,0,0,20064776,104.3,1449,2475000000,881400,931600,1.85,7.8
Sudan,2505810,35.17,9.16,2400000000,2581000000,3395000000,2.3,23000,400000,8.5,62.5,9,11000000,58.54,587000000,3,0,0,0,0,99110000000,70000,275000,0,345000,1600000000,40187486,79.7,5995,1652000000,900000,650000,4.85,18.7
Suriname,163270,18.39,7.16,1845000000,1984000000,495000000,1.7,500,5200,6.5,23.57,23,104000,68.96,7500000,0.7,0,0,0,0,0,14000,1370,1644,12000,99000000,438144,0,0,0,79800,168100,2.34,17
Svalbard,62049,0,0,0,0,0,0,0,0,0,0,0,0,0,0,0,0,0,0,0,0,0,0,0,0,0,2701,0,0,0,0,0,0,0
Swaziland,17363,27.72,25.26,1173000000,402000000,900100000,38.8,17000,220000,3.7,69.27,5.4,383200,35.65,40500000,1.4,0,0,0,0,0,3500,0,0,0,0,1173900,0,301,320500000,46200,88000,3.7,34
Sweden,449964,10.36,10.36,1.381E+11,1.428E+11,1.217E+11,0.1,100,3600,5.5,2.77,0.7,4460000,80.4,5729000000,1.7,949000000,0,968000000,0,0,328600,203700,553100,0,0,9001774,51.6,11481,19990000000,6579200,7949000,1.66,5.6
Switzerland,41290,9.77,8.48,54530000000,63470000000,1.307E+11,0.4,100,13000,4.7,4.39,0.9,3770000,80.39,2548000000,1,3093000000,0,3093000000,0,0,290400,10420,289500,0,0,7489370,57.2,4533,69580000000,5419000,6172000,1.42,3.4
Syria,185180,28.29,4.88,24320000000,26150000000,6086000000,0.1,200,500,7,29.53,2.1,5120000,70.03,858000000,5.9,5840000000,0,0,5840000000,2.407E+11,240000,285000,0,525000,2500000000,18448752,32,2711,5000000000,2099300,400000,3.5,20
Taiwan,35980,12.64,6.38,1.474E+11,1.585E+11,1.705E+11,0,0,0,12.2,6.4,1.7,10220000,77.26,7574000000,2.6,6640000000,410000000,6300000000,750000000,38230000000,988000,0,0,500,2900000,22894384,32.4,2508,2.465E+11,13355000,25089600,1.57,4.5
Tajikistan,143100,32.58,8.39,14410000000,15080000000,1130000000,0.1,100,200,8.2,110.76,8,3187000,64.56,35400000,3.9,1300000000,0,1250000000,50000000,0,20000,0,0,250,0,7163506,0,482,145300000,242100,47600,4.05,40
Tanzania,945087,38.16,16.71,2566000000,2727000000,1248000000,8.8,160000,1600000,8.4,98.54,5.4,19000000,45.24,20600000,0.2,0,0,0,0,11330000000,17000,0,0,0,0,36766356,5,3690,2175000000,149100,891200,5.06,0
Thailand,514000,15.7,7.02,1.061E+11,1.189E+11,87910000000,1.5,58000,570000,8.5,20.48,2.8,36430000,71.57,1775000000,1.8,23930000000,0,5200000000,18730000000,3.682E+11,785000,0,0,225000,600000000,65444371,47.6,4071,48300000000,6617400,26500000,1.88,1.5
Togo,56785,33.48,11.8,451200000,108800000,663100000,4.1,10000,110000,0,66.61,1,1740000,52.64,35500000,1.9,0,0,0,0,0,10000,0,0,0,0,5681519,0,568,267400000,60600,220000,4.61,0
Tokelau,10,0,0,0,0,98000,0,0,0,0,0,0,0,0,0,0,0,0,0,0,0,0,0,0,0,0,1405,0,0,0,300,0,0,0
Tonga,748,25.18,5.35,23060000,24790000,27000000,0,0,0,8.6,12.62,10.3,33910,69.53,0,0,0,0,0,0,0,1000,0,0,0,0,112422,0,0,0,11200,9000,3,13.3
Trinidad and Tobago,5128,12.81,9.37,5341000000,5743000000,6671000000,3.2,1900,29000,7.2,24.31,3.3,590000,68.91,66700000,0.6,13760000000,11790000000,0,25000000000,5.89E+11,24000,0,0,140000,990000000,1088644,54.4,0,2927000000,325100,361900,1.75,10.4
Tromelin Island,1,0,0,0,0,0,0,0,0,0,0,0,0,0,0,0,0,0,0,0,0,0,0,0,0,0,0,0,0,0,0,0,0,0
Tunisia,163610,15.5,5.09,10050000000,10720000000,9926000000,0.1,200,1000,4.4,24.77,4.1,3550000,74.89,356000000,1.5,3830000000,0,1580000000,2250000000,77160000000,87000,0,0,72580,1700000000,10074951,59.2,2152,3509000000,1163800,1899900,1.75,13.8
Turkey,780580,16.83,5.96,1.179E+11,1.397E+11,69460000000,0.1,0,0,16.5,41.04,9.3,25300000,72.36,12155000000,5.3,15940000000,0,15750000000,312000000,8685000000,619500,46110,616500,48000,288400000,69660559,74.3,8671,37100000000,18916700,27887500,1.94,9.3
Turkmenistan,488100,27.68,8.78,8908000000,11410000000,4000000000,0.1,100,200,22,73.08,9,2320000,61.39,90000000,3.4,9600000000,43500000000,0,58570000000,1.43E+12,63000,0,0,162500,273000000,4952081,0,2440,3034000000,374000,52000,3.41,60
Turks and Caicos Islands,430,22.23,4.28,4650000,5000000,169200000,0,0,0,0,15.67,4,4848,74.51,0,0,0,0,0,0,0,0,0,0,0,0,20556,0,0,0,5700,1700,3.08,10
Tuvalu,26,21.91,7.22,0,0,1000000,0,0,0,0,20.03,5,7000,68.01,0,0,0,0,0,0,0,0,0,0,0,0,11636,0,0,0,700,0,3,0
Uganda,236040,47.39,12.8,1401000000,1775000000,621700000,4.1,78000,530000,5.6,67.83,3.5,12410000,51.59,170300000,2.2,0,0,0,0,0,8750,0,0,0,0,27269482,73.9,1241,1200000000,61000,776200,6.74,0
Ukraine,603700,10.49,16.42,1.32E+11,1.8E+11,32910000000,1.4,20000,360000,16.5,20.34,12,21110000,66.85,617900000,1.4,79860000000,5800000000,60400000000,19600000000,5.607E+11,303000,0,0,72000,395000000,47425336,24.7,22473,11330000000,10833300,4200000,1.4,3.5
United Arab Emirates,82880,18.78,4.26,36510000000,45120000000,69480000000,0.18,0,0,4,14.51,3.2,2360000,75.24,1600000000,3.1,33700000000,7190000000,0,44400000000,6.06E+12,310000,2500000,0,2335000,97800000000,2563212,17.6,0,18640000000,1135800,2972300,2.94,2.4
United Kingdom,244820,10.78,10.18,3.374E+11,3.959E+11,3.472E+11,0.2,500,51000,0.9,5.16,1.4,29780000,78.38,42836500000,2.4,92850000000,15750000000,2700000000,1.059E+11,7.149E+11,1692000,1498000,1084000,1957000,25410000000,60441457,39.6,17186,48730000000,34898000,49677000,1.66,4.8
United States,9631418,14.14,8.25,3.66E+12,3.839E+12,7.95E+11,0.6,14000,950000,4.4,6.5,2.5,147400000,77.71,3.707E+11,3.3,6.409E+11,11160000000,1.141E+11,5.481E+11,5.195E+12,19650000,0,0,7800000,22450000000,295734134,65,228464,85940000000,181599900,158722000,2.08,5.5
Uruguay,176220,14.09,9.06,5878000000,8536000000,2200000000,0.3,500,6000,22,11.95,7.6,1560000,76.13,257500000,2,64500000,0,65000000,0,0,41500,0,0,0,0,3415920,0,2073,2362000000,946500,652000,1.91,13
Uzbekistan,447400,26.22,7.95,46660000000,47700000000,3700000000,0.1,500,11000,6.2,71.1,3,14640000,64.19,200000000,2,45200000000,17900000000,0,63100000000,9.373E+11,142000,0,0,143300,297000000,26851195,41.5,3950,1603000000,1717100,320800,2.94,0.6
Vanuatu,12200,23.06,7.9,45030000,48420000,26600000,0,0,0,1,55.16,3.1,0,62.49,0,0,0,0,0,0,0,600,0,0,0,0,205754,0,0,0,6500,7800,2.77,0
Venezuela,912050,18.91,4.9,89300000000,89700000000,35840000000,0.7,4100,110000,12.3,22.2,22.4,12250000,74.31,1687000000,1.5,29400000000,0,0,29400000000,4.19E+12,500000,2100000,0,2600000,78000000000,25375281,43.1,682,25750000000,2841800,6463600,2.26,17.1
Vietnam,329560,17.07,6.2,32060000000,34480000000,23720000000,0.4,9000,220000,16,25.95,9.5,42980000,70.61,650000000,2.5,1300000000,0,0,1300000000,1.926E+11,185000,0,0,359400,650000000,83535576,65.9,2600,6510000000,4402000,2742000,1.94,1.9
Virgin Islands,352,14.2,6.26,962600000,1035000000,0,0,0,0,0,8.03,2.2,48900,78.91,0,0,0,0,0,0,0,66000,0,0,0,0,108708,0,0,0,69400,41000,2.19,9.3
Wake Island,7,0,0,0,0,0,0,0,0,0,0,0,0,0,0,0,0,0,0,0,0,0,0,0,0,0,0,0,0,0,0,0,0,0
Wallis and Futuna,274,0,0,0,0,250000,0,0,0,0,0,0,0,0,0,0,0,0,0,0,0,0,0,0,0,0,16025,0,0,0,1900,0,0,0
West Bank,5860,32.37,3.99,0,0,205000000,0,0,0,0,19.62,2.2,364000,73.08,0,0,0,0,0,0,0,0,0,0,0,0,2385615,0,0,0,301600,480000,4.4,27.2
Western Sahara,266000,0,0,83700000,90000000,0,0,0,0,0,0,0,12000,0,0,0,0,0,0,0,0,1800,0,0,0,0,273008,0,0,0,0,0,0,0
Yemen,527970,43.07,8.53,2827000000,3040000000,4468000000,0.1,0,12000,3,61.5,12.2,5980000,61.75,885500000,7.8,0,0,0,0,4.8E+11,78000,370300,0,417500,4000000000,20727063,46.4,0,5300000000,542200,411100,6.67,35
Zambia,752614,41.38,20.23,5345000000,8167000000,1548000000,16.5,89000,920000,6.9,88.29,18.3,4630000,39.7,106800000,1.8,0,0,0,0,0,11000,0,0,0,0,11261795,127.5,2173,345000000,88400,241000,5.47,50
Zimbabwe,390580,29.74,24.66,11220000000,8839000000,1409000000,24.6,170000,1800000,-7.8,67.69,133,4230000,36.67,217000000,4.3,0,0,0,0,0,23000,0,0,0,0,12746990,52.3,3077,57000000,300900,379100,3.54,70
